{"AA": -0.36562521833450423, "DL": -0.5388659213156167, "CO": -0.628010052800477, "TW": -0.19841760171671016, "HP": 0.7174482977119236, "DAY_OF_WEEK": 0.1329614758816583, "MONTH": 0.024618577767762988, "A0": -4.1621354702607061, "WN": 1.2264742689430327e-17, "US": 0.8256861866302747, "FL": 0.7595879994822134, "TIME": 0.0023213890169599453, "ARR_DELAY": 0.8763106382222384, "UA": -0.3336635427017634, "NW": -0.23814014695533914}