{"AA": -0.039801878901561616, "DL": -0.5419346512945914, "CO": -1.1841563676659328, "TW": -0.007024415470497546, "HP": 8.49542053962578e-18, "DAY_OF_WEEK": 0.18876241619077913, "MONTH": -0.0327189381010344, "A0": -3.6431674281438049, "WN": 0.0, "US": 0.8977763859685771, "FL": 0.15351127899298792, "TIME": 0.0015859561675679555, "ARR_DELAY": 0.8710334384088025, "UA": -0.10397444163113222, "NW": 0.8256040900021481}