{"AA": -0.6759951885456129, "DL": -0.6410921641240875, "CO": -0.24046115542601737, "TW": -0.5047025233746519, "HP": 0.5512600328305381, "DAY_OF_WEEK": 0.0895037260539297, "MONTH": -0.0009235893479183578, "A0": -2.9149863189272303, "WN": 2.5733358125354875, "US": -0.8478661810177431, "FL": -0.22517102715349221, "TIME": 0.0013259667271731084, "ARR_DELAY": 0.9075861644924472, "UA": 0.3906658312013451, "NW": -0.37997343692576363}