{"AA": 0.6586588064180302, "DL": -0.83584195429356, "CO": -0.6411875614194511, "TW": -0.6146382594866238, "HP": 1.175844875224567, "DAY_OF_WEEK": 0.1742681556710348, "MONTH": 0.011958879687289002, "A0": -3.9674317363046487, "WN": 6.2911841328819495e-18, "US": 0.34674388535456835, "FL": 0.021332114778938458, "TIME": 0.0020585012068950618, "ARR_DELAY": 0.8528932018113868, "UA": 0.29570679301203623, "NW": -0.4066186995885077}