{"AA": 0.4991906275689342, "DL": -0.6069872096602448, "CO": -0.8040710987103037, "TW": -0.3255791943673807, "HP": 1.7568822790400047, "DAY_OF_WEEK": 0.0339363142053656, "MONTH": 0.06002416159837303, "A0": -3.556245641310662, "WN": 0.0, "US": 0.5970073447212647, "FL": 0.0, "TIME": 0.0017746260893365005, "ARR_DELAY": 0.8032050858065402, "UA": -1.3748576080847041, "NW": 0.258414859492433}