{"AA": -0.2542517276619469, "DL": -0.7649665937038962, "CO": -0.5902233095059284, "TW": -0.710039005975739, "HP": -0.17746379563137873, "DAY_OF_WEEK": -0.009184557299944652, "MONTH": -0.015587343090508288, "A0": -2.5240971952721978, "WN": 2.279129861314346, "US": -0.11581044391063873, "FL": 0.4646204160357447, "TIME": 0.0013733274027877837, "ARR_DELAY": 0.9469400540713653, "UA": 0.2591623164336547, "NW": -0.3901577173942175}