{"AA": -0.08786948658666667, "DL": -0.23874084255662772, "CO": -0.30256357215551183, "TW": -0.46002734839327547, "HP": 0.75403313119847, "DAY_OF_WEEK": 0.08978271707443797, "MONTH": -0.015021617713554092, "A0": -2.4653356144760643, "WN": 2.161631744528358, "US": -0.38030669352872065, "FL": -1.0186424511468581, "TIME": 0.0012158233756660978, "ARR_DELAY": 0.9324495760183265, "UA": 0.02165496172426982, "NW": -0.4491694430834408}