{"AA": 0.6432026152794091, "DL": -0.25671574037667433, "CO": 0.06065658010268583, "TW": 1.0432815102827078, "HP": -1.0530562453227983, "DAY_OF_WEEK": 0.17678807679411354, "MONTH": 0.0394480272245013, "A0": -3.7528452045112601, "WN": 7.826857402326032e-17, "US": 0.15386221600409425, "FL": -0.4657550973068851, "TIME": 0.0014283669128890776, "ARR_DELAY": 0.9120546860558364, "UA": 0.3738948250429886, "NW": -0.49937066370552957}