{"AA": 0.19949695859220176, "DL": -0.8371808412136562, "CO": -0.33561524786299407, "TW": -0.5593400476163655, "HP": 1.2456793795419774, "DAY_OF_WEEK": 0.1560578837172899, "MONTH": -0.030451630644795055, "A0": -4.3476458235228854, "WN": 0.0, "US": 0.4136239597702687, "FL": 0.0, "TIME": 0.002730022115794029, "ARR_DELAY": 0.8639392221430958, "UA": 0.5613168593682218, "NW": -0.6879810205796509}