{"AA": 0.9146714870575726, "DL": 0.3774856718165913, "CO": 1.1520291262030242, "TW": 0.758291513668465, "HP": 1.508443152821763, "DAY_OF_WEEK": 0.06465687609548343, "MONTH": 0.03486219470827126, "A0": -4.0453946233600124, "WN": 2.0397982764599942, "US": 0.8096717486379038, "FL": 1.6934220877410746, "TIME": 0.001207404713479469, "ARR_DELAY": 0.9461484253126996, "UA": 1.540422192278058, "NW": 0.8294634344922396}